{
  "generated": "2026-01-21T00:03:42.642779",
  "models": {
    "opus-4.5": {
      "num_samples": 200,
      "total_words": 47012,
      "em_dash_per_1k": 4.788879406698607,
      "colon_per_1k": 4.116913166282526,
      "semicolon_per_1k": 0.6921252276285639
    }
  },
  "human_baseline": {
    "num_samples": 6000,
    "total_words": 1208418,
    "em_dash_per_1k": 0.2838449507832895,
    "colon_per_1k": 1.012112255997823,
    "semicolon_per_1k": 0.22649587805187704
  },
  "comparisons": {
    "phrases": {
      "in essence": {
        "human": 0.0,
        "opus-4.5": 0.0447977493610721
      },
      "fundamentally": {
        "human": 0.007910216928470677,
        "opus-4.5": 0.1343932480832163
      },
      "essentially": {
        "human": 0.03559597617811805,
        "opus-4.5": 0.11199437340268026
      },
      "comprehensive": {
        "human": 0.056689887987373185,
        "opus-4.5": 1.388730230193235
      },
      "nuanced": {
        "human": 0.0026367389761568923,
        "opus-4.5": 0.0447977493610721
      },
      "paradigm": {
        "human": 0.011865325392706016,
        "opus-4.5": 0.1791909974442884
      },
      "robust": {
        "human": 0.029004128737725815,
        "opus-4.5": 0.0895954987221442
      },
      "delve": {
        "human": 0.011865325392706016,
        "opus-4.5": 0.0
      },
      "tapestry": {
        "human": 0.0013183694880784462,
        "opus-4.5": 0.0
      },
      "myriad": {
        "human": 0.005273477952313785,
        "opus-4.5": 0.0
      }
    },
    "punctuation": {
      "em_dash": {
        "human": 0.2838449507832895,
        "opus-4.5": 4.788879406698607
      },
      "colon": {
        "human": 1.012112255997823,
        "opus-4.5": 4.116913166282526
      },
      "semicolon": {
        "human": 0.22649587805187704,
        "opus-4.5": 0.6921252276285639
      }
    }
  }
}